{"cameraMode":{"drawMode":0,"name":"Shaded","section":"Shading Mode"},"sceneLighting":true,"audioPlay":false,"sceneViewState":{"m_AlwaysRefresh":false,"showFog":true,"showSkybox":true,"showFlares":true,"showImageEffects":true,"showParticleSystems":true,"showVisualEffectGraphs":true,"m_FxEnabled":false},"in2DMode":false,"pivot":{"x":6.575990200042725,"y":1.2944464683532715,"z":0.6620311737060547},"rotation":{"x":0.21274791657924653,"y":-0.46848875284194949,"z":0.11731728911399842,"w":0.8494517803192139},"size":0.8660253882408142,"orthographic":false}